--
-- PostgreSQL database dump
--

-- Dumped from database version 17.4
-- Dumped by pg_dump version 17.4

-- Started on 2025-03-30 17:43:04

SET statement_timeout = 0;
SET lock_timeout = 0;
SET idle_in_transaction_session_timeout = 0;
SET transaction_timeout = 0;
SET client_encoding = 'UTF8';
SET standard_conforming_strings = on;
SELECT pg_catalog.set_config('search_path', '', false);
SET check_function_bodies = false;
SET xmloption = content;
SET client_min_messages = warning;
SET row_security = off;

--
-- TOC entry 4 (class 2615 OID 2200)
-- Name: public; Type: SCHEMA; Schema: -; Owner: pg_database_owner
--

CREATE SCHEMA public;


ALTER SCHEMA public OWNER TO pg_database_owner;

--
-- TOC entry 4934 (class 0 OID 0)
-- Dependencies: 4
-- Name: SCHEMA public; Type: COMMENT; Schema: -; Owner: pg_database_owner
--

COMMENT ON SCHEMA public IS 'standard public schema';


SET default_tablespace = '';

SET default_table_access_method = heap;

--
-- TOC entry 223 (class 1259 OID 16452)
-- Name: comments; Type: TABLE; Schema: public; Owner: postgres
--

CREATE TABLE public.comments (
    id integer NOT NULL,
    userid text,
    courseid integer,
    content text NOT NULL,
    created_at timestamp without time zone DEFAULT now()
);


ALTER TABLE public.comments OWNER TO postgres;

--
-- TOC entry 222 (class 1259 OID 16451)
-- Name: comments_id_seq; Type: SEQUENCE; Schema: public; Owner: postgres
--

CREATE SEQUENCE public.comments_id_seq
    AS integer
    START WITH 1
    INCREMENT BY 1
    NO MINVALUE
    NO MAXVALUE
    CACHE 1;


ALTER SEQUENCE public.comments_id_seq OWNER TO postgres;

--
-- TOC entry 4935 (class 0 OID 0)
-- Dependencies: 222
-- Name: comments_id_seq; Type: SEQUENCE OWNED BY; Schema: public; Owner: postgres
--

ALTER SEQUENCE public.comments_id_seq OWNED BY public.comments.id;


--
-- TOC entry 221 (class 1259 OID 16438)
-- Name: courses; Type: TABLE; Schema: public; Owner: postgres
--

CREATE TABLE public.courses (
    id integer NOT NULL,
    name text,
    university_id integer
);


ALTER TABLE public.courses OWNER TO postgres;

--
-- TOC entry 220 (class 1259 OID 16437)
-- Name: courses_id_seq; Type: SEQUENCE; Schema: public; Owner: postgres
--

CREATE SEQUENCE public.courses_id_seq
    AS integer
    START WITH 1
    INCREMENT BY 1
    NO MINVALUE
    NO MAXVALUE
    CACHE 1;


ALTER SEQUENCE public.courses_id_seq OWNER TO postgres;

--
-- TOC entry 4936 (class 0 OID 0)
-- Dependencies: 220
-- Name: courses_id_seq; Type: SEQUENCE OWNED BY; Schema: public; Owner: postgres
--

ALTER SEQUENCE public.courses_id_seq OWNED BY public.courses.id;


--
-- TOC entry 219 (class 1259 OID 16429)
-- Name: universities; Type: TABLE; Schema: public; Owner: postgres
--

CREATE TABLE public.universities (
    id integer NOT NULL,
    name text
);


ALTER TABLE public.universities OWNER TO postgres;

--
-- TOC entry 218 (class 1259 OID 16428)
-- Name: universities_id_seq; Type: SEQUENCE; Schema: public; Owner: postgres
--

CREATE SEQUENCE public.universities_id_seq
    AS integer
    START WITH 1
    INCREMENT BY 1
    NO MINVALUE
    NO MAXVALUE
    CACHE 1;


ALTER SEQUENCE public.universities_id_seq OWNER TO postgres;

--
-- TOC entry 4937 (class 0 OID 0)
-- Dependencies: 218
-- Name: universities_id_seq; Type: SEQUENCE OWNED BY; Schema: public; Owner: postgres
--

ALTER SEQUENCE public.universities_id_seq OWNED BY public.universities.id;


--
-- TOC entry 217 (class 1259 OID 16421)
-- Name: users; Type: TABLE; Schema: public; Owner: postgres
--

CREATE TABLE public.users (
    userid text NOT NULL,
    password text NOT NULL,
    id integer NOT NULL,
    age integer
);


ALTER TABLE public.users OWNER TO postgres;

--
-- TOC entry 224 (class 1259 OID 16471)
-- Name: users_id_seq; Type: SEQUENCE; Schema: public; Owner: postgres
--

ALTER TABLE public.users ALTER COLUMN id ADD GENERATED BY DEFAULT AS IDENTITY (
    SEQUENCE NAME public.users_id_seq
    START WITH 1
    INCREMENT BY 1
    NO MINVALUE
    NO MAXVALUE
    CACHE 1
);


--
-- TOC entry 4759 (class 2604 OID 16455)
-- Name: comments id; Type: DEFAULT; Schema: public; Owner: postgres
--

ALTER TABLE ONLY public.comments ALTER COLUMN id SET DEFAULT nextval('public.comments_id_seq'::regclass);


--
-- TOC entry 4758 (class 2604 OID 16441)
-- Name: courses id; Type: DEFAULT; Schema: public; Owner: postgres
--

ALTER TABLE ONLY public.courses ALTER COLUMN id SET DEFAULT nextval('public.courses_id_seq'::regclass);


--
-- TOC entry 4757 (class 2604 OID 16432)
-- Name: universities id; Type: DEFAULT; Schema: public; Owner: postgres
--

ALTER TABLE ONLY public.universities ALTER COLUMN id SET DEFAULT nextval('public.universities_id_seq'::regclass);


--
-- TOC entry 4927 (class 0 OID 16452)
-- Dependencies: 223
-- Data for Name: comments; Type: TABLE DATA; Schema: public; Owner: postgres
--

INSERT INTO public.comments VALUES (2, 'user2', 1, 'Heavy workload class...', '2025-03-23 16:16:53.713986');
INSERT INTO public.comments VALUES (3, 'user3', 3, 'Fun class from KAIST!', '2025-03-23 16:26:24.594224');
INSERT INTO public.comments VALUES (5, 'user1', 1, 'projects take so much time...😭', '2025-03-23 20:04:56.010326');
INSERT INTO public.comments VALUES (6, 'user1', 3, 'what is this class?', '2025-03-23 20:05:40.056241');
INSERT INTO public.comments VALUES (7, 'user1', 3, 'i want to take it!', '2025-03-23 20:20:57.882501');
INSERT INTO public.comments VALUES (8, 'user1', 4, 'this post is empty...❓', '2025-03-23 20:21:19.577334');
INSERT INTO public.comments VALUES (9, 'user3', 2, 'most hardest class', '2025-03-23 20:21:51.042753');
INSERT INTO public.comments VALUES (11, 'user1', 3, 'hello!!', '2025-03-24 11:43:12.161905');
INSERT INTO public.comments VALUES (13, 'user2', 1, 'hello!!', '2025-03-24 11:45:40.574454');
INSERT INTO public.comments VALUES (14, 'user1', 1, 'hello!!', '2025-03-26 18:12:20.725562');
INSERT INTO public.comments VALUES (19, 'user1', 2, 'hello!!', '2025-03-28 22:00:13.148229');
INSERT INTO public.comments VALUES (20, 'user1', 2, 'i want to take it!', '2025-03-28 22:00:17.313642');
INSERT INTO public.comments VALUES (21, 'user1', 1, '“This class gave me a solid understanding of OS fundamentals. The projects are tough but very rewarding!”', '2025-03-30 09:18:04.177455');
INSERT INTO public.comments VALUES (22, 'user4', 1, '“Challenging, but definitely one of the most useful CS courses I’ve taken.”', '2025-03-30 09:18:37.587141');
INSERT INTO public.comments VALUES (23, 'user4', 1, '“Amazing course! If you want to understand what’s going on under the hood of your computer, this is it.”', '2025-03-30 09:18:46.284782');


--
-- TOC entry 4925 (class 0 OID 16438)
-- Dependencies: 221
-- Data for Name: courses; Type: TABLE DATA; Schema: public; Owner: postgres
--

INSERT INTO public.courses VALUES (1, 'CS537', 1);
INSERT INTO public.courses VALUES (2, 'CS577', 1);
INSERT INTO public.courses VALUES (3, 'CS206', 2);
INSERT INTO public.courses VALUES (4, 'CS330', 2);
INSERT INTO public.courses VALUES (5, 'CS102', 1);
INSERT INTO public.courses VALUES (6, 'CS200', 1);
INSERT INTO public.courses VALUES (7, 'CS220', 1);
INSERT INTO public.courses VALUES (8, 'CS240', 1);
INSERT INTO public.courses VALUES (9, 'CS252', 1);
INSERT INTO public.courses VALUES (10, 'CS270', 1);
INSERT INTO public.courses VALUES (11, 'CS272', 1);
INSERT INTO public.courses VALUES (12, 'CS298', 1);
INSERT INTO public.courses VALUES (13, 'CS300', 1);
INSERT INTO public.courses VALUES (14, 'CS304', 1);
INSERT INTO public.courses VALUES (15, 'CS310', 1);
INSERT INTO public.courses VALUES (16, 'CS319', 1);
INSERT INTO public.courses VALUES (17, 'CS320', 1);
INSERT INTO public.courses VALUES (18, 'CS352', 1);
INSERT INTO public.courses VALUES (19, 'CS354', 1);
INSERT INTO public.courses VALUES (20, 'CS368', 1);
INSERT INTO public.courses VALUES (21, 'CS400', 1);
INSERT INTO public.courses VALUES (22, 'CS402', 1);
INSERT INTO public.courses VALUES (23, 'CS403', 1);
INSERT INTO public.courses VALUES (24, 'CS407', 1);
INSERT INTO public.courses VALUES (25, 'CS412', 1);
INSERT INTO public.courses VALUES (26, 'CS425', 1);
INSERT INTO public.courses VALUES (27, 'CS435', 1);
INSERT INTO public.courses VALUES (28, 'CS471', 1);
INSERT INTO public.courses VALUES (29, 'CS472', 1);
INSERT INTO public.courses VALUES (30, 'CS475', 1);
INSERT INTO public.courses VALUES (31, 'CS502', 1);
INSERT INTO public.courses VALUES (32, 'CS506', 1);
INSERT INTO public.courses VALUES (33, 'CS513', 1);
INSERT INTO public.courses VALUES (34, 'CS514', 1);
INSERT INTO public.courses VALUES (35, 'CS518', 1);
INSERT INTO public.courses VALUES (36, 'CS520', 1);
INSERT INTO public.courses VALUES (37, 'CS524', 1);
INSERT INTO public.courses VALUES (38, 'CS525', 1);
INSERT INTO public.courses VALUES (39, 'CS526', 1);
INSERT INTO public.courses VALUES (40, 'CS532', 1);
INSERT INTO public.courses VALUES (41, 'CS533', 1);
INSERT INTO public.courses VALUES (42, 'CS534', 1);
INSERT INTO public.courses VALUES (43, 'CS536', 1);
INSERT INTO public.courses VALUES (44, 'CS538', 1);
INSERT INTO public.courses VALUES (45, 'CS539', 1);
INSERT INTO public.courses VALUES (46, 'CS540', 1);
INSERT INTO public.courses VALUES (47, 'CS541', 1);
INSERT INTO public.courses VALUES (48, 'CS542', 1);
INSERT INTO public.courses VALUES (49, 'CS544', 1);
INSERT INTO public.courses VALUES (50, 'CS552', 1);
INSERT INTO public.courses VALUES (51, 'CS557', 1);
INSERT INTO public.courses VALUES (52, 'CS558', 1);
INSERT INTO public.courses VALUES (53, 'CS559', 1);
INSERT INTO public.courses VALUES (54, 'CS561', 1);
INSERT INTO public.courses VALUES (55, 'CS564', 1);
INSERT INTO public.courses VALUES (56, 'CS565', 1);
INSERT INTO public.courses VALUES (57, 'CS566', 1);
INSERT INTO public.courses VALUES (58, 'CS567', 1);
INSERT INTO public.courses VALUES (59, 'CS570', 1);
INSERT INTO public.courses VALUES (60, 'CS571', 1);
INSERT INTO public.courses VALUES (61, 'CS576', 1);
INSERT INTO public.courses VALUES (62, 'CS578', 1);
INSERT INTO public.courses VALUES (63, 'CS579', 1);
INSERT INTO public.courses VALUES (64, 'CS611', 1);
INSERT INTO public.courses VALUES (65, 'CS612', 1);
INSERT INTO public.courses VALUES (66, 'CS613', 1);
INSERT INTO public.courses VALUES (67, 'CS614', 1);
INSERT INTO public.courses VALUES (68, 'CS620', 1);
INSERT INTO public.courses VALUES (69, 'CS638', 1);
INSERT INTO public.courses VALUES (70, 'CS639', 1);
INSERT INTO public.courses VALUES (71, 'CS640', 1);
INSERT INTO public.courses VALUES (72, 'CS642', 1);
INSERT INTO public.courses VALUES (73, 'CS681', 1);
INSERT INTO public.courses VALUES (74, 'CS682', 1);
INSERT INTO public.courses VALUES (75, 'CS691', 1);
INSERT INTO public.courses VALUES (76, 'CS692', 1);
INSERT INTO public.courses VALUES (77, 'CS698', 1);
INSERT INTO public.courses VALUES (78, 'CS699', 1);
INSERT INTO public.courses VALUES (79, 'CS701', 1);
INSERT INTO public.courses VALUES (80, 'CS702', 1);
INSERT INTO public.courses VALUES (81, 'CS703', 1);
INSERT INTO public.courses VALUES (82, 'CS704', 1);
INSERT INTO public.courses VALUES (83, 'CS706', 1);
INSERT INTO public.courses VALUES (84, 'CS707', 1);
INSERT INTO public.courses VALUES (85, 'CS710', 1);
INSERT INTO public.courses VALUES (86, 'CS714', 1);
INSERT INTO public.courses VALUES (87, 'CS715', 1);
INSERT INTO public.courses VALUES (88, 'CS719', 1);
INSERT INTO public.courses VALUES (89, 'CS722', 1);
INSERT INTO public.courses VALUES (90, 'CS723', 1);
INSERT INTO public.courses VALUES (91, 'CS726', 1);
INSERT INTO public.courses VALUES (92, 'CS727', 1);
INSERT INTO public.courses VALUES (93, 'CS728', 1);
INSERT INTO public.courses VALUES (94, 'CS730', 1);
INSERT INTO public.courses VALUES (95, 'CS736', 1);
INSERT INTO public.courses VALUES (96, 'CS739', 1);
INSERT INTO public.courses VALUES (97, 'CS740', 1);
INSERT INTO public.courses VALUES (98, 'CS744', 1);
INSERT INTO public.courses VALUES (99, 'CS750', 1);
INSERT INTO public.courses VALUES (100, 'CS752', 1);
INSERT INTO public.courses VALUES (101, 'CS755', 1);
INSERT INTO public.courses VALUES (102, 'CS756', 1);
INSERT INTO public.courses VALUES (103, 'CS757', 1);
INSERT INTO public.courses VALUES (104, 'CS758', 1);
INSERT INTO public.courses VALUES (105, 'CS759', 1);
INSERT INTO public.courses VALUES (106, 'CS760', 1);
INSERT INTO public.courses VALUES (107, 'CS761', 1);
INSERT INTO public.courses VALUES (108, 'CS762', 1);
INSERT INTO public.courses VALUES (109, 'CS763', 1);
INSERT INTO public.courses VALUES (110, 'CS764', 1);
INSERT INTO public.courses VALUES (111, 'CS765', 1);
INSERT INTO public.courses VALUES (112, 'CS766', 1);
INSERT INTO public.courses VALUES (113, 'CS767', 1);
INSERT INTO public.courses VALUES (114, 'CS769', 1);
INSERT INTO public.courses VALUES (115, 'CS770', 1);
INSERT INTO public.courses VALUES (116, 'CS771', 1);
INSERT INTO public.courses VALUES (117, 'CS774', 1);
INSERT INTO public.courses VALUES (118, 'CS775', 1);
INSERT INTO public.courses VALUES (119, 'CS776', 1);
INSERT INTO public.courses VALUES (120, 'CS782', 1);
INSERT INTO public.courses VALUES (121, 'CS784', 1);
INSERT INTO public.courses VALUES (122, 'CS787', 1);
INSERT INTO public.courses VALUES (123, 'CS790', 1);
INSERT INTO public.courses VALUES (124, 'CS799', 1);
INSERT INTO public.courses VALUES (125, 'CS809', 1);
INSERT INTO public.courses VALUES (126, 'CS812', 1);
INSERT INTO public.courses VALUES (127, 'CS838', 1);
INSERT INTO public.courses VALUES (128, 'CS839', 1);
INSERT INTO public.courses VALUES (129, 'CS841', 1);
INSERT INTO public.courses VALUES (130, 'CS861', 1);
INSERT INTO public.courses VALUES (131, 'CS880', 1);
INSERT INTO public.courses VALUES (132, 'CS899', 1);
INSERT INTO public.courses VALUES (133, 'CS900', 1);
INSERT INTO public.courses VALUES (134, 'CS915', 1);
INSERT INTO public.courses VALUES (135, 'CS990', 1);
INSERT INTO public.courses VALUES (136, 'CS999', 1);


--
-- TOC entry 4923 (class 0 OID 16429)
-- Dependencies: 219
-- Data for Name: universities; Type: TABLE DATA; Schema: public; Owner: postgres
--

INSERT INTO public.universities VALUES (1, 'University of Wisconsin-Madison');
INSERT INTO public.universities VALUES (2, 'KAIST');


--
-- TOC entry 4921 (class 0 OID 16421)
-- Dependencies: 217
-- Data for Name: users; Type: TABLE DATA; Schema: public; Owner: postgres
--

INSERT INTO public.users VALUES ('user1', '$2b$10$juVpclt9imrha1hzR1aAL.5WZafEuPjDINAPFKvStMHXYnWSOdqpG', 1, NULL);
INSERT INTO public.users VALUES ('user2', '$2b$10$aYZ2Y5aej8jIjcfffrbTp.SSyM./HnyForAu/QMpQTMqzleeCaM2e', 2, NULL);
INSERT INTO public.users VALUES ('user3', '$2b$10$mxlF5zMIGoBDZqC3qHmf4ukEOgfMAr.E3jdYVaV0u8Gk8/1Jhjnci', 3, NULL);
INSERT INTO public.users VALUES ('user10', '$2b$10$KSlpt7nMKPzIGh1SIKSiIOfh8V2/6no9Cq1f0a2z47QIo35SjfVn6', 4, NULL);
INSERT INTO public.users VALUES ('user4', '$2b$10$LNnuZeA6DOO85Gy47rfxWeRFUfxbX90QOV7DJh0mJExqgYd7jlG.y', 5, NULL);


--
-- TOC entry 4938 (class 0 OID 0)
-- Dependencies: 222
-- Name: comments_id_seq; Type: SEQUENCE SET; Schema: public; Owner: postgres
--

SELECT pg_catalog.setval('public.comments_id_seq', 23, true);


--
-- TOC entry 4939 (class 0 OID 0)
-- Dependencies: 220
-- Name: courses_id_seq; Type: SEQUENCE SET; Schema: public; Owner: postgres
--

SELECT pg_catalog.setval('public.courses_id_seq', 136, true);


--
-- TOC entry 4940 (class 0 OID 0)
-- Dependencies: 218
-- Name: universities_id_seq; Type: SEQUENCE SET; Schema: public; Owner: postgres
--

SELECT pg_catalog.setval('public.universities_id_seq', 2, true);


--
-- TOC entry 4941 (class 0 OID 0)
-- Dependencies: 224
-- Name: users_id_seq; Type: SEQUENCE SET; Schema: public; Owner: postgres
--

SELECT pg_catalog.setval('public.users_id_seq', 5, true);


--
-- TOC entry 4772 (class 2606 OID 16460)
-- Name: comments comments_pkey; Type: CONSTRAINT; Schema: public; Owner: postgres
--

ALTER TABLE ONLY public.comments
    ADD CONSTRAINT comments_pkey PRIMARY KEY (id);


--
-- TOC entry 4770 (class 2606 OID 16445)
-- Name: courses courses_pkey; Type: CONSTRAINT; Schema: public; Owner: postgres
--

ALTER TABLE ONLY public.courses
    ADD CONSTRAINT courses_pkey PRIMARY KEY (id);


--
-- TOC entry 4762 (class 2606 OID 16569)
-- Name: users unique_id; Type: CONSTRAINT; Schema: public; Owner: postgres
--

ALTER TABLE ONLY public.users
    ADD CONSTRAINT unique_id UNIQUE (id);


--
-- TOC entry 4764 (class 2606 OID 16567)
-- Name: users unique_userid; Type: CONSTRAINT; Schema: public; Owner: postgres
--

ALTER TABLE ONLY public.users
    ADD CONSTRAINT unique_userid UNIQUE (userid);


--
-- TOC entry 4768 (class 2606 OID 16436)
-- Name: universities universities_pkey; Type: CONSTRAINT; Schema: public; Owner: postgres
--

ALTER TABLE ONLY public.universities
    ADD CONSTRAINT universities_pkey PRIMARY KEY (id);


--
-- TOC entry 4766 (class 2606 OID 16427)
-- Name: users users_pkey; Type: CONSTRAINT; Schema: public; Owner: postgres
--

ALTER TABLE ONLY public.users
    ADD CONSTRAINT users_pkey PRIMARY KEY (userid);


--
-- TOC entry 4774 (class 2606 OID 16466)
-- Name: comments comments_courseid_fkey; Type: FK CONSTRAINT; Schema: public; Owner: postgres
--

ALTER TABLE ONLY public.comments
    ADD CONSTRAINT comments_courseid_fkey FOREIGN KEY (courseid) REFERENCES public.courses(id);


--
-- TOC entry 4775 (class 2606 OID 16461)
-- Name: comments comments_userid_fkey; Type: FK CONSTRAINT; Schema: public; Owner: postgres
--

ALTER TABLE ONLY public.comments
    ADD CONSTRAINT comments_userid_fkey FOREIGN KEY (userid) REFERENCES public.users(userid);


--
-- TOC entry 4773 (class 2606 OID 16446)
-- Name: courses courses_university_id_fkey; Type: FK CONSTRAINT; Schema: public; Owner: postgres
--

ALTER TABLE ONLY public.courses
    ADD CONSTRAINT courses_university_id_fkey FOREIGN KEY (university_id) REFERENCES public.universities(id);


-- Completed on 2025-03-30 17:43:04

--
-- PostgreSQL database dump complete
--

